{
  "project_info": {
    "project_number": "563951297393",
    "project_id": "loginauth-a19a3",
    "storage_bucket": "loginauth-a19a3.appspot.com"
  },
  "client": [
    {
      "client_info": {
        "mobilesdk_app_id": "1:563951297393:android:fee0d7abca12d898c50cd0",
        "android_client_info": {
          "package_name": "com.example.login"
        }
      },
      "oauth_client": [
        {
          "client_id": "563951297393-1ja7ksp6p6g2dbirgqo0lddrlcvcmns5.apps.googleusercontent.com",
          "client_type": 3
        }
      ],
      "api_key": [
        {
          "current_key": "AIzaSyB1bF5K9tKaX5h9imp5Xyzh6w8WqqBxeNA"
        }
      ],
      "services": {
        "appinvite_service": {
          "other_platform_oauth_client": [
            {
              "client_id": "563951297393-1ja7ksp6p6g2dbirgqo0lddrlcvcmns5.apps.googleusercontent.com",
              "client_type": 3
            }
          ]
        }
      }
    }
  ],
  "configuration_version": "1"
}